filename,religion,religious_practice,lifestyle,social_class,location_hint,education_hint,personality_hint,fashion_style,age_range,bio_hint,confidence
"female_batch4_100.png","Muslim","Conservative","Traditional","Middle class","Bangladesh","Graduate","Modest","Modest","22-26","Family-oriented woman seeking a respectful partner for a meaningful relationship","Medium"
"female_batch4_101.png","Muslim","Conservative","Traditional","Middle class","Bangladesh","School level or Graduate","Modest","Modest","18-22","Practicing Muslim woman seeking a respectful partner who values family and tradition.","High"
"female_batch4_102.png","Muslim","Moderate","Moderate","Upper-middle class","Likely Bangladesh or NRB","Graduate or Postgraduate","Confident","Mixed","22-26","Bengali professional who values family, enjoys home comfort, and seeks a respectful partner with modern values.","Medium"
"female_batch4_103.png","Muslim","Moderate","Traditional","Middle class","Bangladesh","Graduate","Confident","Mixed","22-26","Family-oriented woman seeking a respectful and caring partner for a meaningful relationship.","Medium"
"female_batch4_104.png","Unknown","Unknown","Moderate","Middle class","Could be NRB","Graduate","Confident","Smart-casual","22-26","Friendly and approachable person who enjoys life with a modern outlook","Medium"
"female_batch4_105.png","Muslim or Hindu","Moderate","Moderate","Upper-middle class","Could be NRB","Graduate or Postgraduate","Confident","Mixed","22-26","Cheerful and warm-hearted professional who enjoys spending time in modern settings and values meaningful conversations.","Medium"
"female_batch4_106.png","Unknown","Moderate or Unknown","Moderate","Middle class or Upper-middle class","Likely Bangladesh","Graduate or Postgraduate","Confident or Modest","Smart-casual","22-26","Educated, modern-thinking woman who values balance between tradition and contemporary lifestyle.","Medium"
"female_batch4_107.png","Hindu","Moderate","Traditional","Upper-middle class","Likely abroad","Graduate","Confident","Traditional","26-30","Elegant and cultured woman who values tradition while embracing modern perspectives; enjoys cultural events and meaningful connections.","Medium"
"female_batch4_108.png","Muslim","Moderate","Moderate","Middle class","Bangladesh","Graduate","Confident","Mixed","22-26","Thoughtful and well-groomed professional seeking someone who values family and personal growth.","Medium"
"female_batch4_109.png","Hindu","Conservative","Traditional","Middle class","Bangladesh","Graduate","Modest","Traditional","22-26","Simple, family-oriented girl seeking a respectful partner for a meaningful relationship.","Medium"
"female_batch4_110.png","Unknown","Unknown","Moderate","Middle class","Likely abroad","Graduate","Confident","Modest","26-30","Friendly and approachable professional who enjoys outdoor activities and maintaining a balanced lifestyle.","Medium"
"female_batch4_111.png","Unknown","Unknown","Moderate","Middle class","Bangladesh","Graduate","Modest","Smart-casual","22-26","Seeking a genuine connection with someone who values sincerity and mutual respect","Low"
"female_batch4_112.png","Hindu","Conservative","Traditional","Middle class","Bangladesh","Graduate","Modest","Traditional","22-26","Seeking a respectful partner who values family and traditional values","Medium"
"female_batch4_113.png","Hindu","Conservative","Traditional","Middle class","Bangladesh","Graduate","Modest","Traditional","22-26","Simple, family-oriented woman who values tradition and seeks a respectful partner for a meaningful relationship","Medium"
"female_batch4_114.png","Hindu","Moderate","Moderate","Upper-middle class","Bangladesh or Could be NRB","Graduate or Postgraduate","Confident","Mixed","22-26","Confident and elegant individual who appreciates both traditional values and modern sensibilities, seeking a meaningful connection.","Medium"
"female_batch4_115.png","Muslim or Hindu","Moderate","Traditional","Middle class","Bangladesh","Graduate","Modest","Mixed","22-26","Bengali woman who values education and culture, enjoys traditional attire with modern sensibilities.","Medium"
"female_batch4_116.png","Unknown","Moderate or Unknown","Moderate","Middle class or Upper-middle class","Likely abroad or Could be NRB","Graduate or Professional","Confident or Outgoing","Smart-casual or Mixed","22-26","Young professional with contemporary lifestyle, enjoys smart-casual fashion and modern aesthetics","Medium"
"female_batch4_117.png","Muslim","Moderate","Moderate","Middle class","Likely abroad","Graduate","Confident","Mixed","22-26","Adventure lover who enjoys exploring new places while maintaining cultural values","Medium"
"female_batch4_118.png","Unknown","Unknown","Moderate","Middle class","Bangladesh","Graduate","Confident","Smart-casual","22-26","Fun-loving and easygoing person who enjoys good company and indoor plants","Medium"
"female_batch4_119.png","Muslim","Moderate","Traditional","Middle class","Bangladesh","Graduate","Modest","Traditional","22-26","Grounded and family-oriented woman seeking a respectful partner for a meaningful relationship","Medium"
"female_batch4_120.png","Hindu","Moderate","Traditional","Middle class","Bangladesh","Graduate","Confident","Traditional","22-26","Grounded individual who appreciates cultural celebrations and traditional values with a modern perspective","Medium"
"female_batch4_121.png","Hindu","Conservative","Traditional","Middle class","Bangladesh","Graduate","Confident","Traditional","22-26","Traditional values with a modern outlook, enjoys cultural celebrations and family gatherings","Medium"
"female_batch4_122.png","Hindu","Conservative","Traditional","Upper-middle class","Bangladesh","Graduate","Confident","Traditional","26-30","Traditional values-oriented professional woman seeking a like-minded partner for a meaningful relationship","High"
"female_batch4_123.png","Unknown","Unknown","Moderate","Middle class","Bangladesh","School level or Graduate","Modest","Smart-casual","18-22","Simple, approachable young woman seeking a genuine connection with shared values","Medium"
"female_batch4_124.png","Hindu","Conservative","Traditional","Middle class","Bangladesh","Graduate or Professional","Confident","Traditional","22-26","Proud of my heritage, looking for someone who values tradition and family","Medium"
"female_batch4_125.png","Hindu","Conservative","Traditional","Middle class","Bangladesh","Graduate or Unknown","Modest","Traditional","22-26","Traditional values, enjoys cultural celebrations and family gatherings","Medium"
"female_batch4_126.png","Muslim","Moderate","Traditional","Middle class","Bangladesh","Graduate","Confident","Mixed","22-26","Educated professional seeking a respectful and caring partner for a meaningful relationship.","Medium"
"female_batch4_127.png","Muslim","Conservative","Traditional","Middle class","Bangladesh","School level","Modest","Traditional","22-26","Family-oriented person who values traditional values and simple living.","Medium"
"female_batch4_128.png","Unknown","Unknown","Moderate","Middle class","Bangladesh","Graduate","Confident","Mixed","22-26","Warm-hearted and approachable person who enjoys simple moments and meaningful conversations","Medium"
"female_batch4_129.png","Hindu","Conservative","Traditional","Middle class","Bangladesh","Graduate","Modest","Traditional","22-26","Traditional values with grace and cultural pride, seeking a respectful partner for life.","Medium"
"female_batch4_130.png","Muslim","Moderate","Traditional","Middle class","Bangladesh","Graduate","Confident","Traditional","22-26","Simple, humble girl who values family and traditions, looking for a respectful partner.","Medium"
"female_batch4_131.png","Unknown","Unknown","Moderate","Middle class","Bangladesh or Could be NRB","Graduate or Professional","Confident","Smart-casual","22-26","Friendly and approachable professional who enjoys modern living spaces and indoor greenery","Medium"
"female_batch4_132.png","Hindu","Moderate","Moderate","Affluent","Likely abroad","Graduate or Postgraduate","Confident","Traditional","26-30","Cultured woman who appreciates beauty and tradition, seeking a thoughtful partner","Medium"
"female_batch4_133.png","Unknown","Unknown","Moderate","Middle class","Likely abroad","Graduate or Professional","Confident","Smart-casual","22-26","Professional with a warm personality, enjoys indoor plants and maintaining a positive lifestyle","Medium"
"female_batch4_134.png","Muslim","Conservative","Traditional","Middle class","Bangladesh","Graduate","Modest","Traditional","22-26","Family-oriented woman seeking a respectful partner for a meaningful relationship","Medium"
"female_batch4_135.png","Hindu","Moderate","Traditional","Middle class","Bangladesh","Graduate","Confident","Traditional","26-30","Professional woman rooted in traditions, seeking a respectful and understanding partner.","High"
"female_batch4_136.png","Unknown","Moderate or Unknown","Moderate","Middle class or Upper-middle class","Bangladesh or Could be NRB","Graduate or Postgraduate","Confident or Outgoing","Smart-casual or Mixed","22-26","Friendly and approachable person who enjoys outdoor activities and values meaningful connections.","Medium"
"female_batch4_137.png","Muslim","Moderate","Moderate","Middle class","Bangladesh","Graduate","Confident","Mixed","22-26","Friendly and approachable, enjoys evening outings and keeping up with modern lifestyle while maintaining cultural values.","Medium"
"female_batch4_138.png","Muslim","Moderate","Moderate","Middle class","Bangladesh","Graduate","Confident","Smart-casual","26-30","Warm-hearted and nature-loving individual who enjoys peaceful moments by the water and values meaningful connections.","Medium"
"female_batch4_139.png","Muslim","Moderate","Moderate","Middle class","Bangladesh","Graduate","Confident","Smart-casual","22-26","Friendly and approachable girl with a passion for life's simple pleasures","Medium"
"female_batch4_140.png","Muslim","Conservative","Traditional","Middle class","Bangladesh","Graduate","Modest","Traditional","22-26","Family-oriented girl who values traditional values and seeks a respectful partner for a meaningful relationship.","Medium"
"female_batch4_141.png","Muslim","Conservative","Traditional","Upper-middle class","Bangladesh or NRB","Graduate","Confident","Traditional","22-26","Elegant and traditional-minded, seeking a respectful life partner who values family and cultural values.","High"
"female_batch4_142.png","Muslim","Conservative","Traditional","Upper-middle class","Bangladesh","Graduate","Confident","Traditional","22-26","Compassionate and family-oriented woman who values tradition and seeks a respectful partner for a meaningful relationship.","High"
"female_batch4_143.png","Muslim","Moderate","Traditional","Middle class","Bangladesh","Graduate","Confident","Mixed","22-26","Simple, family-oriented woman seeking a respectful and caring life partner.","Medium"
"female_batch4_144.png","Hindu","Moderate","Traditional","Middle class","Bangladesh","Graduate","Modest","Traditional","22-26","Traditional values, seeking a family-oriented partner for a meaningful relationship","Medium"
"female_batch4_145.png","Muslim","Moderate","Moderate","Middle class","Bangladesh","Graduate","Confident","Traditional","22-26","Professional woman who values tradition and modern sensibilities equally","Medium"
"female_batch4_146.png","Unknown","Unknown","Moderate","Middle class","Could be NRB","Graduate","Confident","Smart-casual","22-26","Thoughtful and genuine person who enjoys meaningful conversations and simple pleasures in life","Medium"
"female_batch4_147.png","Muslim","Moderate","Moderate","Middle class","Bangladesh","Graduate","Confident","Mixed","22-26","Confident and modern woman seeking a genuine connection with shared values and mutual respect.","Medium"
"female_batch4_148.png","Muslim","Conservative","Traditional","Middle class","Bangladesh","Graduate","Modest","Traditional","26-30","Family-oriented woman seeking a respectful and caring life partner who values traditional values.","Medium"
"female_batch4_149.png","Hindu","Conservative","Traditional","Middle class","Bangladesh","School level or Graduate","Modest","Traditional","22-26","Simple, family-oriented woman seeking a respectful partner for a committed relationship.","Medium"
"female_batch4_150.png","Hindu","Moderate","Traditional","Upper-middle class","Bangladesh","Graduate","Confident","Traditional","22-26","Cheerful and family-oriented woman seeking a compatible partner who values tradition and meaningful relationships.","High"
"female_batch4_151.png","Muslim","Conservative","Traditional","Middle class","Bangladesh","Graduate","Modest","Traditional","22-26","Family-oriented woman seeking a respectful, honest partner for a meaningful relationship","Medium"
"female_batch4_152.png","Hindu","Moderate","Traditional","Middle class","Bangladesh","Graduate","Modest","Traditional","22-26","Traditional values with modern outlook, enjoys cultural beauty and meaningful connections","Medium"
"female_batch4_153.png","Unknown","Unknown","Moderate","Middle class or Upper-middle class","Likely abroad or Could be NRB","Graduate or Professional","Confident","Smart-casual","22-26","Travel enthusiast who loves exploring beautiful places and creating memories.","Medium"
"female_batch4_154.png","Muslim","Moderate","Traditional","Middle class","Bangladesh","Graduate","Modest","Modest","22-26","Homebody who loves plants and gardening, seeking a caring partner with traditional values.","Medium"
"female_batch4_155.png","Muslim","Moderate","Moderate","Middle class","Bangladesh","Graduate","Confident","Mixed","22-26","Friendly and approachable, enjoys evening gatherings and spending quality time with loved ones","Medium"
"female_batch4_156.png","Muslim","Moderate","Traditional","Middle class","Bangladesh","Graduate","Modest","Modest","26-30","Simple, family-oriented woman seeking a respectful partner for a meaningful relationship.","Medium"
"female_batch4_157.png","Unknown","Unknown","Moderate","Middle class","Bangladesh","Graduate","Outgoing","Smart-casual","22-26","Cheerful and friendly person who enjoys celebrations and good company","Medium"
"female_batch4_158.png","Muslim","Moderate","Moderate","Middle class","Bangladesh or NRB","Graduate","Confident","Smart-casual","22-26","Passionate about personal growth and balanced living, seeking someone with similar values and ambitions.","Medium"
"female_batch4_159.png","Hindu","Conservative","Traditional","Upper-middle class","Bangladesh","Graduate","Modest","Traditional","22-26","Traditional values with appreciation for cultural heritage and family-oriented lifestyle","Medium"
"female_batch4_160.png","Muslim","Conservative","Traditional","Middle class","Bangladesh","Graduate","Confident","Modest","22-26","Caring and family-oriented woman seeking a respectful partner who values tradition and commitment","High"
"female_batch4_161.png","Muslim","Conservative","Traditional","Middle class","Bangladesh","Graduate","Modest","Traditional","22-26","Family-oriented individual who values tradition and seeks a respectful life partner","Medium"
"female_batch4_162.png","Hindu","Moderate","Traditional","Middle class","Bangladesh","Graduate","Confident","Traditional","22-26","Cultured and traditional-minded woman seeking a respectful partner who values family and cultural values","Medium"
"female_batch4_163.png","Muslim","Moderate","Moderate","Upper-middle class","Likely abroad","Professional","Confident","Smart-casual","26-30","Professional woman working in corporate sector, seeking a confident and family-oriented partner","High"
"female_batch4_164.png","Unknown","Unknown","Moderate","Middle class or Upper-middle class","Could be NRB or Likely abroad","Graduate or Professional","Confident and Outgoing","Smart-casual","22-26","Animal lover with a warm heart, seeking someone who values compassion and shared interests","Medium"
"female_batch4_165.png","Hindu","Conservative","Traditional","Middle class","Bangladesh","Graduate","Modest","Traditional","22-26","Cultured and family-oriented woman seeking a respectful partner who values tradition and commitment","Medium"
"female_batch4_166.png","Muslim","Moderate","Traditional","Middle class","Bangladesh","School level or Graduate","Modest","Traditional","22-26","Simple, family-oriented person looking for a genuine connection with shared values","Medium"
"female_batch4_167.png","Muslim or Hindu","Moderate","Traditional","Middle class","Bangladesh","Graduate","Confident","Traditional","22-26","Warm-hearted and grounded, seeking a genuine connection with shared values and mutual respect.","Medium"
"female_batch4_168.png","Muslim","Conservative","Traditional","Affluent","Could be NRB","Graduate or Postgraduate","Modest","Traditional","22-26","Family-oriented individual valuing tradition and cultural heritage, seeking a like-minded partner for marriage.","High"
"female_batch4_169.png","Muslim","Moderate","Traditional","Middle class","Bangladesh","Graduate","Confident","Traditional","22-26","Simple, family-oriented woman seeking a respectful partner for a meaningful relationship.","Medium"
"female_batch4_170.png","Muslim or Hindu","Moderate","Moderate","Middle class or Upper-middle class","Bangladesh or Likely abroad","Graduate or Postgraduate","Confident or Outgoing","Mixed","22-26","Optimistic and thoughtful individual who enjoys quiet moments by the window with a good outlook on life.","Medium"
"female_batch4_171.png","Muslim","Moderate","Moderate","Middle class","Bangladesh","Graduate","Confident","Mixed","22-26","Warm-hearted and cheerful, enjoying life's simple pleasures and good company.","Medium"
"female_batch4_172.png","Muslim","Moderate","Moderate","Middle class","Bangladesh","Graduate","Confident","Mixed","22-26","Modern yet grounded, looking for someone who values both tradition and personal growth","Medium"
"female_batch4_173.png","Hindu","Conservative","Traditional","Middle class","Bangladesh","Graduate","Modest","Traditional","22-26","Homely girl with traditional values, seeking a caring and respectful life partner","Medium"
"female_batch4_174.png","Hindu","Conservative","Traditional","Middle class","Bangladesh","Graduate","Confident","Traditional","22-26","Grounded woman who values traditions and enjoys peaceful evening walks by the riverside","Medium"
"female_batch4_175.png","Muslim or Hindu","Moderate","Moderate","Middle class or Upper-middle class","Bangladesh or Could be NRB","Graduate or Postgraduate","Confident or Modest","Smart-casual or Mixed","22-26","A friendly and approachable person seeking a meaningful connection with someone who values family and mutual respect.","Medium"
"female_batch4_176.png","Muslim","Moderate","Traditional","Middle class","Bangladesh","Graduate","Confident","Mixed","22-26","Independent woman with traditional values, seeking a respectful partner for a meaningful relationship","Medium"
"female_batch4_177.png","Muslim","Moderate","Moderate","Middle class","Bangladesh","Graduate","Confident","Mixed","22-26","Warm-hearted and family-oriented, seeking a respectful partner for a meaningful relationship","Medium"
"female_batch4_178.png","Unknown","Unknown","Moderate","Middle class","Could be NRB","Graduate","Confident","Traditional","22-26","Modern, thoughtful, and genuine - looking for someone who appreciates both tradition and personal growth","Medium"
"female_batch4_179.png","Hindu","Moderate","Moderate","Middle class","Bangladesh","Graduate","Confident","Mixed","22-26","Modern yet rooted in traditions, looking for someone who values both cultural values and contemporary outlook.","Medium"
"female_batch4_180.png","Muslim","Moderate","Moderate","Middle class or Upper-middle class","Bangladesh or Likely abroad","Graduate or Professional","Confident","Mixed","22-26","Elegant and poised, seeking someone respectful and ambitious for a meaningful relationship.","Medium"
"female_batch4_181.png","Hindu","Moderate","Traditional","Middle class","Bangladesh","Graduate","Confident","Traditional","22-26","Traditional values with modern outlook, seeking a respectful and understanding life partner.","Medium"
"female_batch4_182.png","Hindu","Moderate","Moderate","Upper-middle class","Likely abroad","Graduate","Confident","Mixed","22-26","Cultured and confident professional who blends traditional values with modern sensibilities","Medium"
"female_batch4_183.png","Muslim","Moderate","Moderate","Upper-middle class","Likely abroad","Graduate","Confident","Mixed","22-26","Educated, modern woman who values cultural heritage while embracing contemporary lifestyle","Medium"
"female_batch4_184.png","Unknown","Unknown","Moderate","Middle class","Bangladesh","Graduate","Confident","Smart-casual","22-26","Adventure-loving soul who enjoys exploring nature and spending time outdoors with a warm smile and genuine heart.","Medium"
"female_batch4_185.png","Hindu","Moderate","Traditional","Middle class","Bangladesh","Graduate","Confident","Traditional","22-26","Traditional values with a modern outlook, seeking a compatible life partner","Medium"
"female_batch4_186.png","Muslim","Moderate","Traditional","Middle class","Bangladesh","Graduate","Modest","Modest","22-26","Homebody who enjoys quiet moments in nature and values simplicity and grace","Medium"
"female_batch4_187.png","Muslim","Moderate","Moderate","Middle class","Bangladesh","Graduate","Confident","Smart-casual","22-26","Confident young professional with a warm personality, looking for someone genuine and respectful","Medium"
"female_batch4_188.png","Hindu","Conservative","Traditional","Middle class","Bangladesh","Graduate","Confident","Traditional","22-26","Proud of my cultural roots, seeking a respectful partner who values tradition and family values.","Medium"
"female_batch4_189.png","Hindu","Conservative","Traditional","Middle class","Bangladesh","Graduate","Confident","Traditional","22-26","Bengali woman who values tradition and family, looking for a respectful partner to build a meaningful life together.","High"
"female_batch4_190.png","Unknown","Unknown","Moderate","Upper-middle class","Likely abroad","Graduate or Postgraduate","Confident","Smart-casual","26-30","Professional woman with modern sensibilities, seeking a partner who values career growth and urban lifestyle.","Medium"
"female_batch4_191.png","Hindu","Conservative","Traditional","Middle class","Bangladesh","Graduate","Confident","Traditional","22-26","Proud of my cultural roots, looking for someone who values family and tradition.","Medium"
"female_batch4_192.png","Unknown","Moderate","Moderate","Middle class","Bangladesh","Graduate","Modest","Mixed","22-26","Thoughtful and grounded individual seeking a meaningful connection with shared values.","Medium"
"female_batch4_193.png","Hindu","Moderate","Moderate","Middle class","Bangladesh","Graduate","Confident","Traditional","22-26","Culturally rooted, confident woman seeking a compatible partner who values tradition and mutual respect.","Medium"
"female_batch4_194.png","Hindu","Conservative","Traditional","Middle class","Bangladesh","Graduate","Modest","Traditional","22-26","Simple, homely girl from Bangladesh seeking a genuine life partner who values tradition and family values.","Medium"
"female_batch4_195.png","Muslim","Moderate","Moderate","Upper-middle class","Likely abroad or NRB","Graduate or Postgraduate","Confident","Smart-casual","26-30","Confident, well-dressed professional who enjoys attending social events and celebrations.","Medium"
"female_batch4_196.png","Hindu","Moderate","Traditional","Upper-middle class","Bangladesh","Graduate","Confident","Traditional","22-26","Cultured woman who values tradition and family, enjoys festive celebrations and appreciates elegant aesthetics.","High"
"female_batch4_197.png","Unknown","Unknown","Moderate","Middle class or Upper-middle class","Likely abroad or Could be NRB","Graduate or Postgraduate","Confident or Outgoing","Smart-casual or Western","22-26","Adventurous traveler who loves exploring new cultures and making meaningful connections.","Medium"
"female_batch4_198.png","Hindu","Conservative","Traditional","Middle class","Bangladesh","Graduate","Modest","Traditional","22-26","Family-oriented, cultured woman who values traditional values and customs","Medium"
"female_batch4_199.png","Unknown","Moderate","Traditional","Middle class","Bangladesh","Graduate","Modest","Traditional","22-26","Simple, family-oriented woman seeking a respectful partner for a meaningful relationship.","Medium"
"female_batch4_200.png","Hindu","Moderate","Moderate","Middle class","Bangladesh or Likely abroad","Graduate or Postgraduate","Confident","Mixed","22-26","Thoughtful individual who enjoys blending traditional and contemporary values with a love for learning and self-expression.","Medium"
"female_batch4_201.png","Muslim","Moderate","Moderate","Middle class","Bangladesh","Graduate","Confident","Smart-casual","22-26","Music lover with a passion for learning and connecting with meaningful people","Medium"
"female_batch4_202.png","Hindu","Moderate","Moderate","Middle class","Bangladesh","Graduate","Confident","Traditional","22-26","Educated professional with traditional values, seeking a respectful partner for a meaningful relationship","Medium"
"female_batch4_203.png","Hindu","Conservative","Traditional","Middle class","Bangladesh","School level or Graduate","Modest","Traditional","22-26","Bengali girl from Bangladesh, values family and tradition, enjoys simple pleasures of life","Medium"
"female_batch4_204.png","Muslim","Moderate","Traditional","Upper-middle class","Bangladesh or Likely abroad","Graduate","Confident","Traditional","22-26","Educated, traditional values with modern outlook, enjoys cultural events and family time","Medium"
"female_batch4_205.png","Unknown","Unknown","Moderate","Middle class","Likely abroad","Graduate","Confident","Smart-casual","22-26","Adventure seeker who loves exploring new places and experiencing different cultures.","Medium"
"female_batch4_206.png","Muslim","Conservative","Traditional","Middle class","Bangladesh","Graduate","Confident","Traditional","22-26","Family-oriented woman seeking a caring partner for a meaningful relationship","High"
"female_batch4_207.png","Unknown","Moderate or Unknown","Moderate","Middle class or Upper-middle class","Could be NRB or Bangladesh","Graduate or Postgraduate","Modest or Introverted","Smart-casual or Mixed","22-26","Looking for a sincere, family-oriented partner who values mutual respect and understanding.","Medium"
"female_batch4_208.png","Muslim","Conservative","Traditional","Middle class","Bangladesh","Graduate","Modest","Traditional","22-26","Family-oriented woman seeking a respectful partner for a meaningful relationship","Medium"
"female_batch4_209.png","Muslim","Moderate","Moderate","Upper-middle class","Likely abroad or Could be NRB","Graduate or Postgraduate","Confident","Smart-casual","22-26","Enjoys fine dining and elegant evenings out; looking for someone who appreciates good conversation and quality time.","High"
"female_batch4_210.png","Hindu","Moderate","Traditional","Upper-middle class","Bangladesh","Graduate","Confident","Traditional","22-26","Culturally rooted woman who enjoys celebrations and values family traditions","High"
"female_batch4_211.png","Unknown","Unknown","Moderate","Middle class","Could be NRB","Graduate","Confident","Smart-casual","22-26","Enjoys leisurely moments at cozy cafes with good company and refreshing drinks","Medium"
"female_batch4_212.png","Muslim","Conservative","Traditional","Upper-middle class","Likely abroad","Graduate or Postgraduate","Confident","Modest","22-26","Cultured and well-traveled, appreciating heritage and architecture while maintaining traditional values.","Medium"
"female_batch4_213.png","Unknown","Unknown","Moderate","Middle class","Bangladesh or Could be NRB","Graduate","Confident","Smart-casual","22-26","Adventure-loving, independent spirit with a passion for outdoor activities and casual lifestyle","Medium"
"female_batch4_214.png","Hindu","Conservative","Traditional","Middle class","Bangladesh","Graduate","Modest","Traditional","22-26","Traditional woman who values family and cultural values, looking for a compatible life partner.","Medium"
"female_batch4_215.png","Unknown","Unknown","Moderate","Upper-middle class","Likely abroad","Graduate or Postgraduate","Confident","Smart-casual","22-26","Professional and approachable individual with a love for good food and casual outings","Medium"
"female_batch4_216.png","Unknown","Unknown","Moderate","Middle class","Bangladesh","Graduate","Modest","Smart-casual","22-26","Simple and genuine girl who enjoys everyday moments and believes in honest connections","Medium"
"female_batch4_217.png","Muslim or Hindu","Moderate","Moderate","Middle class","Bangladesh","Graduate","Confident","Smart-casual","22-26","Simple, straightforward professional looking for a sincere life partner","Medium"
"female_batch4_218.png","Muslim","Moderate","Moderate","Middle class","Bangladesh or Likely abroad","Graduate or Professional","Confident","Mixed","22-26","Confident professional woman seeking someone with shared values and genuine connection.","Medium"
"female_batch4_219.png","Hindu","Moderate","Moderate","Middle class","Bangladesh","Graduate","Confident","Mixed","22-26","Cheerful and well-groomed, enjoys celebrations and social gatherings with family and friends","Medium"
"female_batch4_220.png","Hindu","Moderate","Moderate","Upper-middle class","Bangladesh","Graduate","Confident","Traditional","22-26","Confident professional with strong communication skills and modern outlook, grounded in cultural values","Medium"
"female_batch4_221.png","Unknown","Moderate or Liberal","Moderate or Western-influenced","Middle class or Upper-middle class","Bangladesh or Likely abroad","Graduate or Professional","Confident or Outgoing","Smart-casual or Mixed","22-26","Adventurous and fashionable young woman who enjoys outdoor activities and modern style","Medium"
"female_batch4_222.png","Muslim","Moderate","Moderate","Middle class","Bangladesh","Graduate","Confident","Smart-casual","22-26","Simple living, big dreams - looking for someone genuine and kind-hearted.","High"
"female_batch4_223.png","Muslim","Moderate","Moderate","Middle class","Bangladesh","Graduate","Confident","Traditional","22-26","Exploring historical sites and cherishing cultural heritage while embracing modern values","Medium"
"female_batch4_224.png","Unknown","Unknown","Western-influenced","Middle class","Likely abroad","Graduate or Postgraduate","Confident","Western","22-26","Creative soul with a playful spirit, exploring life one moment at a time","Medium"
"female_batch4_225.png","Muslim","Moderate","Traditional","Middle class","Bangladesh","Graduate","Modest","Modest","22-26","Simple, genuine person who values family and tradition, seeking a respectful life partner.","Medium"
"female_batch4_226.png","Muslim","Moderate","Moderate","Middle class","Could be NRB","Graduate","Confident","Smart-casual","22-26","Friendly and approachable professional who enjoys traveling and meeting new people.","Medium"
"female_batch4_227.png","Muslim","Conservative","Traditional","Upper-middle class","Bangladesh","Graduate","Modest","Traditional","22-26","Family-oriented, values tradition and culture, seeking a respectful partner for a committed relationship","Medium"
"female_batch4_228.png","Muslim","Moderate","Moderate","Middle class","Bangladesh or Likely abroad","Graduate","Confident","Smart-casual","22-26","Fun-loving, educated woman who enjoys celebrations and meaningful connections","Medium"
"female_batch4_229.png","Muslim","Moderate","Moderate","Middle class","Bangladesh","Graduate","Confident","Mixed","26-30","Warm-hearted and grounded, seeking a genuine connection with someone who values family and understands the balance between tradition and modernity.","Medium"
"female_batch4_230.png","Hindu","Moderate","Moderate","Middle class","Bangladesh","Graduate","Confident","Traditional","22-26","Cheerful and grounded, seeking a genuine connection with someone who values family and tradition.","Medium"
"female_batch4_231.png","Hindu","Moderate","Moderate","Upper-middle class","Bangladesh","Graduate","Confident","Traditional","22-26","Enjoys peaceful moments and traditional elegance; looking for someone who appreciates cultural values.","High"
"female_batch4_232.png","Unknown","Unknown","Moderate","Middle class or Upper-middle class","Could be NRB or Likely abroad","Graduate or Postgraduate","Confident","Smart-casual","22-26","Adventure lover who enjoys exploring nature and discovering beautiful places.","Medium"
"female_batch4_233.png","Hindu","Moderate","Traditional","Middle class","Bangladesh","Graduate","Confident","Traditional","22-26","Traditional values with modern outlook, seeking a partner who respects cultural heritage","Medium"
"female_batch4_234.png","Hindu","Conservative","Traditional","Middle class","Bangladesh","Graduate","Confident","Traditional","22-26","Traditional values with modern outlook, enjoys cultural heritage and family","Medium"
"female_batch4_235.png","Muslim","Conservative","Traditional","Middle class","Bangladesh","School level","Modest","Traditional","18-22","Simple, family-oriented girl seeking a respectful life partner","Medium"
"female_batch4_236.png","Hindu","Moderate","Traditional","Middle class","Bangladesh","Graduate","Confident","Traditional","22-26","Simple, traditional Hindu girl seeking a caring and respectful life partner.","Medium"
"female_batch4_237.png","Muslim","Conservative","Traditional","Upper-middle class","Bangladesh","Graduate","Confident","Traditional","22-26","Family-oriented woman who values tradition and cultural heritage, seeking a respectful partner for a meaningful relationship.","High"
"female_batch4_238.png","Unknown","Moderate or Unknown","Moderate","Middle class or Upper-middle class","Bangladesh or Could be NRB","Graduate or Postgraduate","Introverted or Modest","Smart-casual or Mixed","22-26","Thoughtful and studious individual who enjoys simple pleasures and values meaningful conversations.","Medium"
"female_batch4_239.png","Hindu","Conservative","Traditional","Middle class","Bangladesh","Graduate","Modest","Traditional","22-26","Traditional values, seeking a respectful partner for a meaningful relationship","Medium"
"female_batch4_240.png","Muslim","Conservative","Traditional","Upper-middle class","Bangladesh or Could be NRB","Graduate or Postgraduate","Confident","Traditional","22-26","Family-oriented woman who values traditions and seeks a respectful partner for a meaningful relationship.","High"
"female_batch4_241.png","Muslim","Moderate","Traditional","Middle class","Bangladesh","Graduate","Modest","Traditional","22-26","Caring and family-oriented woman seeking a respectful life partner","Medium"
"female_batch4_242.png","Hindu","Moderate","Traditional","Middle class","Bangladesh","Graduate","Confident","Traditional","26-30","Grounded and educated woman seeking a genuine partner who values tradition and family values.","Medium"
"female_batch4_243.png","Hindu","Moderate","Traditional","Upper-middle class","Bangladesh or NRB","Graduate or Postgraduate","Confident","Traditional","22-26","Culturally rooted, elegant woman who appreciates traditional values and family-oriented lifestyle.","High"
"female_batch4_244.png","Muslim","Conservative","Traditional","Affluent","Likely abroad or NRB","Graduate or Postgraduate","Confident","Traditional","22-26","Appreciate tradition and elegance, seeking a respectful partner who values family and cultural heritage.","High"
"female_batch4_245.png","Muslim","Moderate","Traditional","Middle class","Bangladesh","Graduate","Modest","Traditional","22-26","Respectful, family-oriented woman seeking a compatible life partner who values traditional values and mutual respect.","Medium"
"female_batch4_246.png","Muslim","Conservative","Traditional","Upper-middle class","Likely abroad","Graduate or Postgraduate","Confident","Traditional","22-26","Family-oriented woman who values traditions while embracing modern opportunities and travel.","High"
"female_batch4_247.png","Muslim","Moderate","Moderate","Middle class","Bangladesh","Graduate","Confident","Mixed","22-26","Thoughtful and grounded, seeking genuine connection with someone who values family and tradition.","Medium"
"female_batch4_248.png","Muslim","Conservative","Traditional","Middle class","Bangladesh","Graduate","Modest","Traditional","22-26","Enjoys exploring cultural heritage and seeking a partner who values tradition and family values.","Medium"
"female_batch4_249.png","Hindu","Conservative","Traditional","Middle class","Bangladesh","Graduate","Confident","Traditional","22-26","Tradition-loving woman seeking a respectful partner who values family and cultural values.","High"
"female_batch4_250.png","Hindu","Moderate","Moderate","Middle class","Bangladesh","Graduate","Confident","Mixed","22-26","Confident and cheerful with a blend of traditional and modern style","Medium"
"female_batch4_251.png","Unknown","Unknown","Moderate","Middle class","Bangladesh or Could be NRB","Graduate or Postgraduate","Modest","Smart-casual","22-26","Simple, thoughtful person who values genuine connections and meaningful conversations.","Medium"
"female_batch4_252.png","Unknown","Unknown","Moderate","Middle class","Bangladesh","Graduate","Confident","Smart-casual","22-26","Friendly and approachable with a passion for life, looking for genuine connections.","Medium"
"female_batch4_253.png","Hindu","Moderate","Traditional","Middle class","Bangladesh","Graduate","Confident","Traditional","22-26","Family-oriented and culturally grounded, seeking a respectful partner who values traditions.","Medium"
"female_batch4_254.png","Muslim","Moderate","Moderate","Middle class","Bangladesh","Graduate","Confident","Traditional","22-26","Family-oriented woman who appreciates cultural heritage and traditional values.","Medium"
"female_batch4_255.png","Unknown","Moderate or Unknown","Moderate","Middle class or Upper-middle class","Likely abroad or Could be NRB","School level or Graduate","Confident or Outgoing","Mixed","18-22","Warm-hearted and affectionate, enjoys outdoor activities and spending quality time with loved ones","Medium"
"female_batch4_256.png","Hindu","Conservative","Traditional","Middle class","Bangladesh","Graduate","Modest","Traditional","22-26","Bengali woman valuing tradition, family, and simple pleasures in life","Medium"
"female_batch4_257.png","Muslim","Moderate","Traditional","Middle class","Bangladesh","Graduate","Confident","Traditional","22-26","Simple, genuine girl seeking a caring and respectful life partner for a meaningful relationship.","Medium"
"female_batch4_258.png","Hindu","Conservative","Traditional","Affluent","Likely abroad","Graduate or Postgraduate","Confident","Traditional","22-26","Cultured and elegant, I appreciate traditional values and meaningful connections.","Medium"
"female_batch4_259.png","Muslim","Moderate","Traditional","Upper-middle class","Likely abroad or NRB","Graduate or Postgraduate","Modest and Confident","Traditional","22-26","Family-oriented woman who appreciates cultural heritage and values meaningful connections.","High"
"female_batch4_260.png","Muslim","Moderate","Moderate","Upper-middle class","Likely abroad or Could be NRB","Graduate or Postgraduate","Confident","Mixed","22-26","Fashion-forward professional who blends traditional values with contemporary style","High"
"female_batch4_261.png","Muslim","Conservative","Traditional","Middle class","Bangladesh","Graduate","Modest","Traditional","22-26","Simple, family-oriented woman seeking a respectful life partner","Medium"
"female_batch4_262.png","Muslim","Conservative","Traditional","Middle class","Bangladesh","Graduate","Confident","Traditional","22-26","Family-oriented woman seeking a respectful partner for a meaningful relationship.","High"
"female_batch4_263.png","Unknown","Unknown","Moderate","Middle class","Likely Bangladesh","Graduate","Confident","Smart-casual","22-26","Fun-loving, friendly person who enjoys casual outings and quality time with loved ones","Medium"
"female_batch4_264.png","Hindu","Moderate","Traditional","Upper-middle class","Likely abroad","Graduate","Confident","Traditional","26-30","Cultured woman who values traditions and enjoys life's peaceful moments","Medium"
"female_batch4_265.png","Unknown","Unknown","Moderate","Middle class","Could be NRB","Graduate","Confident","Smart-casual","22-26","Friendly and approachable person who enjoys simple moments and values genuine connections","Medium"
"female_batch4_266.png","Unknown","Unknown","Moderate","Middle class","Bangladesh or Could be NRB","Graduate","Confident","Mixed","26-30","Independent woman who enjoys fashion and modern lifestyle while maintaining cultural values","Medium"
"female_batch4_267.png","Hindu","Conservative","Traditional","Middle class","Bangladesh","Graduate","Confident","Traditional","22-26","Traditional values with modern outlook, enjoys cultural celebrations and family time","Medium"
"female_batch4_268.png","Muslim","Conservative","Traditional","Middle class","Bangladesh","Graduate","Confident","Traditional","22-26","Modest, family-oriented woman who values traditional values and seeks a respectful partner for marriage","Medium"
"female_batch4_269.png","Muslim","Conservative","Traditional","Middle class","Bangladesh","Graduate","Modest","Traditional","22-26","Family-oriented woman seeking a caring partner who values tradition and respect.","Medium"
"female_batch4_270.png","Muslim","Conservative","Traditional","Upper-middle class","Bangladesh","Graduate or Professional","Modest","Traditional","26-30","Family-oriented woman seeking a respectful partner for a meaningful relationship grounded in shared values.","High"
"female_batch4_271.png","Muslim","Conservative","Traditional","Upper-middle class","Bangladesh","Graduate","Confident","Traditional","22-26","Family-oriented woman who values tradition and seeks a respectful partner for a meaningful relationship.","High"
"female_batch4_272.png","Muslim","Moderate","Traditional","Middle class","Bangladesh","Graduate","Confident","Traditional","22-26","Educated, modern-thinking girl with traditional values, seeking a respectful partner for a serious relationship.","High"
"female_batch4_273.png","Unknown","Unknown","Moderate","Middle class","Bangladesh","Graduate","Confident","Modest","22-26","Friendly and approachable person who values simplicity and genuine connections","Medium"
"female_batch4_274.png","Hindu","Moderate","Traditional","Middle class","Bangladesh","Graduate","Confident","Traditional","22-26","Traditional values with modern outlook, loves nature and cultural heritage","Medium"
"female_batch4_275.png","Hindu","Moderate","Traditional","Upper-middle class","Bangladesh","Graduate","Confident","Traditional","22-26","Graceful and cultured, I appreciate traditional values with a modern perspective on life.","Medium"
"female_batch4_276.png","Muslim","Moderate","Moderate","Upper-middle class","Could be NRB","Graduate","Confident","Mixed","22-26","Family-oriented girl who loves nature and enjoys evenings in peaceful settings.","Medium"
"female_batch4_277.png","Hindu","Moderate","Traditional","Middle class","Bangladesh","Graduate","Confident","Traditional","22-26","Bengali girl who loves gardening and traditional values, seeking a respectful partner for lifelong companionship","Medium"
"female_batch4_278.png","Unknown","Unknown","Moderate","Middle class","Likely Bangladesh or NRB","Graduate","Confident","Smart-casual","22-26","Nature lover who enjoys outdoor adventures and appreciates life's simple beautiful moments","Medium"
"female_batch4_279.png","Muslim","Moderate","Moderate","Upper-middle class","Likely abroad","Graduate or Postgraduate","Confident","Smart-casual","26-30","Elegant, cultured woman who appreciates contemporary lifestyle and wellness.","High"
"female_batch4_280.png","Unknown","Unknown","Western-influenced","Upper-middle class","Likely abroad","Graduate or Postgraduate","Confident","Western","22-26","Adventurous soul who loves exploring new places and enjoying life's simple pleasures","Medium"
"female_batch4_281.png","Unknown","Unknown","Moderate","Upper-middle class","Likely abroad","Graduate or Postgraduate","Confident","Smart-casual","22-26","Cheerful and modern individual who enjoys meaningful moments and appreciates life's simple pleasures.","Medium"
"female_batch4_282.png","Unknown","Unknown","Moderate","Middle class","Could be NRB","Graduate","Confident","Smart-casual","22-26","Thoughtful and independent woman with a passion for personal growth and meaningful connections.","Medium"
"female_batch4_283.png","Hindu","Moderate","Moderate","Upper-middle class","Likely abroad","Graduate","Confident","Traditional","26-30","Elegant and poised, loves exploring urban spaces and embracing cultural roots.","Medium"
"female_batch4_284.png","Muslim","Moderate","Traditional","Middle class","Bangladesh","Graduate","Modest","Traditional","22-26","Simple-hearted girl looking for a respectful life partner who values family and tradition.","Medium"
"female_batch4_285.png","Muslim","Conservative","Traditional","Middle class","Bangladesh","Graduate","Modest","Traditional","26-30","Simple, family-oriented woman seeking a respectful life partner with traditional values","Medium"
"female_batch4_286.png","Muslim","Conservative","Traditional","Middle class","Bangladesh","Graduate","Modest","Traditional","22-26","Family-oriented woman seeking a respectful partner who values traditional values and commitment.","Medium"
"female_batch4_287.png","Unknown","Unknown","Moderate","Middle class","Bangladesh","Graduate","Confident","Smart-casual","22-26","Nature lover with a passion for learning and genuine connections","Medium"
"female_batch4_288.png","Hindu","Conservative","Traditional","Middle class","Bangladesh","Graduate","Modest","Traditional","26-30","Traditional values with a modern outlook, seeking a compatible life partner","Medium"
"female_batch4_289.png","Hindu","Moderate","Traditional","Middle class","Bangladesh","Graduate","Confident","Traditional","22-26","Simple, grounded girl with traditional values seeking a sincere partner.","Medium"
"female_batch4_290.png","Hindu","Conservative","Traditional","Middle class","Likely abroad","Graduate","Modest","Traditional","26-30","Tradition-loving, family-oriented woman seeking a respectful life partner who values cultural values.","Medium"
"female_batch4_291.png","Muslim","Conservative","Traditional","Middle class","Bangladesh","School level or Graduate","Modest","Traditional","18-22","Family-oriented girl seeking a respectful and caring partner for a committed relationship","Medium"
"female_batch4_292.png","Hindu","Moderate","Moderate","Middle class","Bangladesh","Graduate","Confident","Traditional","22-26","Nature lover with a passion for traditional culture and contemporary style","Medium"
"female_batch4_293.png","Muslim","Moderate","Moderate","Upper-middle class","Likely abroad","Graduate or Postgraduate","Confident","Mixed","22-26","Modern and confident woman embracing cultural heritage while maintaining contemporary lifestyle.","Medium"
"female_batch4_294.png","Hindu","Conservative","Traditional","Middle class","Bangladesh","Graduate","Modest","Traditional","22-26","Bengali woman grounded in traditions, seeking a respectful partner who values family values and cultural heritage.","Medium"
"female_batch4_295.png","Unknown","Unknown","Moderate","Middle class","Could be NRB","Graduate","Modest","Smart-casual","26-30","Thoughtful and grounded, seeking someone with genuine values and kindness.","Medium"
"female_batch4_296.png","Muslim","Moderate","Moderate","Upper-middle class","Could be NRB","Graduate or Postgraduate","Confident","Smart-casual","22-26","Professional and poised individual seeking someone who values ambition and meaningful connections.","High"
"female_batch4_297.png","Hindu","Conservative","Traditional","Middle class","Bangladesh","Graduate","Modest","Traditional","22-26","Bengali girl with traditional values, looking for someone who appreciates cultural heritage and family-oriented lifestyle.","Medium"
"female_batch4_298.png","Unknown","Unknown","Moderate","Middle class","Bangladesh","Graduate","Confident","Smart-casual","22-26","Friendly and approachable, seeking a genuine connection with someone who values both tradition and modernity","Medium"
"female_batch4_299.png","Hindu","Conservative","Traditional","Middle class","Bangladesh","Graduate","Modest","Traditional","26-30","Traditional values with grace, seeking a compatible life partner who respects culture and family.","Medium"
"female_batch4_300.png","Muslim","Moderate","Traditional","Middle class","Bangladesh","Graduate","Confident","Modest","26-30","Gentle-hearted woman seeking a sincere partner who values family and mutual respect.","Medium"
"female_batch4_301.png","Hindu","Moderate","Traditional","Middle class","Bangladesh","Graduate","Confident","Traditional","22-26","Warm-hearted and grounded, I value family traditions while embracing modern perspectives.","Medium"
"female_batch4_302.png","Muslim","Conservative","Traditional","Middle class","Bangladesh","Graduate","Modest","Modest","22-26","Modest, family-oriented woman seeking a respectful life partner who values traditional values and mutual respect.","Medium"
"female_batch4_303.png","Muslim","Moderate","Moderate","Upper-middle class","Could be NRB","Graduate or Postgraduate","Confident","Mixed","22-26","Elegant and poised, I enjoy blending traditional values with modern sensibilities.","High"
"female_batch4_304.png","Muslim","Moderate","Traditional","Middle class","Bangladesh","Graduate","Confident","Mixed","22-26","Family-oriented professional who values both tradition and personal growth","High"
"female_batch4_305.png","Unknown","Moderate","Moderate","Middle class","Could be NRB","Graduate","Confident","Smart-casual","22-26","Friendly and approachable person who enjoys a blend of modern and traditional values","Medium"
"female_batch4_306.png","Hindu","Conservative","Traditional","Middle class","Bangladesh","Graduate","Modest","Traditional","22-26","Simple, family-oriented woman seeking a respectful and caring life partner.","Medium"
"female_batch4_307.png","Muslim","Conservative","Traditional","Middle class","Bangladesh","Graduate","Modest","Traditional","22-26","Family-oriented and culturally rooted, seeking a respectful partner who values tradition and values.","Medium"
"female_batch4_308.png","Unknown","Unknown","Moderate","Middle class","Bangladesh","Graduate","Modest","Smart-casual","22-26","Simple, approachable person who values education and comfort in daily life","Medium"
"female_batch4_309.png","Hindu","Conservative","Traditional","Middle class","Bangladesh","Graduate","Modest","Traditional","22-26","Cultured and traditional-minded woman seeking a respectful partner who values family values and cultural heritage.","Medium"
"female_batch4_310.png","Hindu","Moderate","Traditional","Upper-middle class","Bangladesh","Graduate","Confident","Traditional","22-26","Bengali girl who values tradition and family; enjoys cultural celebrations and festive occasions","Medium"
"female_batch4_311.png","Hindu","Conservative","Traditional","Middle class","Bangladesh","Graduate","Confident","Traditional","22-26","Family-oriented woman who values traditions and seeks a like-minded partner for a meaningful relationship.","Medium"
"female_batch4_312.png","Hindu","Moderate","Moderate","Upper-middle class","Likely abroad","Graduate","Confident","Traditional","22-26","Celebrating life's beautiful moments with grace and joy, looking for someone who appreciates tradition with a modern outlook","Medium"
"female_batch4_313.png","Unknown","Unknown","Moderate","Middle class","Could be NRB","Graduate","Outgoing","Smart-casual","22-26","Adventure lover who enjoys outdoor activities and exploring nature's beauty","Medium"
"female_batch4_314.png","Muslim","Conservative","Traditional","Middle class","Bangladesh","Graduate or Professional","Confident","Traditional","22-26","Family-oriented woman seeking a respectful partner who values tradition and cultural values","Medium"
"female_batch4_315.png","Hindu","Moderate","Traditional","Upper-middle class","Bangladesh","Graduate","Confident","Traditional","22-26","Traditional values with modern outlook, enjoys cultural events and family time","Medium"
"female_batch4_316.png","Hindu","Moderate","Moderate","Middle class","Bangladesh","Graduate","Confident","Traditional","22-26","Bengali woman who values cultural traditions while embracing modern lifestyle; enjoys evening outings and social gatherings.","Medium"
"female_batch4_317.png","Unknown","Unknown","Moderate","Middle class or Upper-middle class","Could be NRB or Likely abroad","Graduate or Professional","Confident or Outgoing","Smart-casual or Western","26-30","Confident professional seeking a genuine connection with shared values and mutual respect","Medium"
"female_batch4_318.png","Hindu","Conservative","Traditional","Middle class","Bangladesh","Graduate","Modest","Traditional","22-26","Traditional values with modern education, seeking a respectful partner for a meaningful relationship","Medium"
"female_batch4_319.png","Unknown","Unknown","Moderate","Middle class","Likely abroad","Graduate","Confident","Smart-casual","22-26","Professional and approachable woman seeking a genuine connection with shared values","Medium"
"female_batch4_320.png","Muslim","Conservative","Traditional","Upper-middle class","Bangladesh","Graduate or Professional","Confident","Traditional","22-26","Family-oriented woman who values tradition and seeks a respectful, understanding life partner for marriage.","High"
"female_batch4_321.png","Muslim","Moderate","Traditional","Middle class","Bangladesh","Graduate","Confident","Traditional","22-26","Warm-hearted and family-oriented woman seeking a caring, respectful partner for a meaningful relationship.","Medium"
"female_batch4_322.png","Unknown","Unknown","Moderate","Middle class","Could be NRB","Graduate","Confident","Smart-casual","22-26","Thoughtful and independent, looking for someone who appreciates genuine connections","Medium"
"female_batch4_323.png","Unknown","Unknown","Moderate","Middle class or Upper-middle class","Could be NRB or Likely abroad","Graduate or Postgraduate","Confident","Smart-casual","22-26","Creative professional who enjoys modern aesthetics and urban lifestyle","Medium"
"female_batch4_324.png","Hindu","Conservative","Traditional","Upper-middle class","Likely Bangladesh","Graduate","Confident","Traditional","22-26","Bengali woman seeking a respectful partner who values tradition and family values","Medium"
"female_batch4_325.png","Muslim","Conservative","Traditional","Middle class","Bangladesh","School level","Modest","Traditional","18-22","Simple, family-oriented girl seeking a respectful life partner with traditional values.","Medium"
"female_batch4_326.png","Hindu","Conservative","Traditional","Middle class","Bangladesh","Graduate","Modest","Traditional","22-26","Traditional values, family-oriented, seeking a respectful life partner","Medium"
"female_batch4_327.png","Hindu","Conservative","Traditional","Middle class","Bangladesh","Graduate","Modest","Traditional","26-30","Traditional values with a modern perspective, enjoys cultural heritage and family-oriented lifestyle","Medium"
"female_batch4_328.png","Unknown","Unknown","Moderate","Middle class or Upper-middle class","Likely Bangladesh or Could be NRB","Graduate or Professional","Confident","Smart-casual","26-30","Professional woman seeking a sincere partner who values education, career growth, and modern values.","Medium"
"female_batch4_329.png","Muslim","Moderate","Moderate","Upper-middle class","Likely abroad","Graduate or Postgraduate","Confident","Mixed","26-30","Confident professional who appreciates cultural heritage while embracing modern lifestyle","High"
"female_batch4_330.png","Unknown","Unknown","Moderate","Middle class","Could be NRB","Graduate","Modest","Smart-casual","22-26","Education-focused individual with modern sensibilities and thoughtful approach to life","Medium"
"female_batch4_331.png","Hindu","Moderate","Moderate","Middle class","Bangladesh","Graduate","Confident","Traditional","22-26","Cheerful and cultured woman who enjoys traditional values with a modern outlook","Medium"
"female_batch4_332.png","Unknown","Unknown","Moderate","Upper-middle class","Likely abroad","Graduate or Professional","Confident","Smart-casual","22-26","Fun-loving and sociable, enjoys good company and modern lifestyle.","Medium"
"female_batch4_333.png","Unknown","Unknown","Moderate","Middle class or Upper-middle class","Could be NRB or Likely abroad","Graduate or Professional","Confident","Smart-casual or Western","22-26","Modern professional looking for meaningful connection with like-minded individual","Medium"
"female_batch4_334.png","Unknown","Unknown","Moderate","Middle class","Bangladesh","Graduate","Confident","Smart-casual","22-26","Young professional with a positive outlook, enjoys simple pleasures and genuine connections.","Medium"
"female_batch4_335.png","Hindu","Conservative","Traditional","Upper-middle class","Bangladesh or NRB","Graduate or Postgraduate","Confident","Traditional","22-26","Cultured and elegant woman who values tradition, family, and meaningful relationships.","High"
"female_batch4_336.png","Muslim or Hindu","Moderate","Moderate","Middle class","Bangladesh","Graduate","Confident","Smart-casual","22-26","Happy-go-lucky person who enjoys simple moments and indoor creativity","Medium"
"female_batch4_337.png","Unknown","Unknown","Moderate","Middle class","Could be NRB","Graduate","Confident","Smart-casual","22-26","Adventure seeker who loves exploring nature and watching sunsets.","Medium"
"female_batch4_338.png","Muslim or Hindu","Moderate","Traditional","Middle class","Bangladesh","Graduate","Modest","Modest","22-26","Respectful and family-oriented individual seeking a sincere life partner who values tradition and integrity.","Medium"
"female_batch4_339.png","Muslim","Moderate","Traditional","Middle class","Bangladesh","Graduate","Modest","Mixed","22-26","Simple, genuine person who loves spending time by the beach and values meaningful connections.","Medium"
"female_batch4_340.png","Unknown","Unknown","Moderate","Upper-middle class","Likely abroad","Graduate or Postgraduate","Confident","Smart-casual","22-26","Young professional with a love for elegant spaces and modern living","Medium"
"female_batch4_341.png","Hindu","Conservative","Traditional","Middle class","Bangladesh","Graduate","Confident","Traditional","22-26","Cultured and graceful, rooted in tradition with a warm smile for life's beautiful moments.","High"
"female_batch4_342.png","Unknown","Unknown","Western-influenced","Middle class or Upper-middle class","Likely abroad or Could be NRB","Graduate or Professional","Confident or Outgoing","Western","22-26","Fun-loving and adventurous, enjoys exploring new places and experiencing different cultures.","Low"
"female_batch4_343.png","Muslim","Moderate","Moderate","Upper-middle class","Likely abroad","Graduate or Professional","Confident","Smart-casual","22-26","Elegant and poised, I appreciate life's finer things while staying grounded in my values.","High"
"female_batch4_344.png","Unknown","Unknown","Moderate","Middle class or Upper-middle class","Could be NRB or Likely abroad","Graduate or Postgraduate","Confident","Smart-casual","22-26","Thoughtful professional with a passion for intellectual pursuits and meaningful conversations.","Medium"
"female_batch4_345.png","Muslim","Conservative","Traditional","Middle class","Bangladesh","Graduate","Confident","Traditional","30-35","Compassionate and family-oriented woman seeking a respectful life partner who values tradition and values.","High"
"female_batch4_346.png","Hindu","Moderate","Traditional","Middle class","Bangladesh","Graduate","Confident","Modest","22-26","Simple, genuine person seeking a caring and understanding life partner.","Medium"
"female_batch4_347.png","Muslim","Moderate","Moderate","Middle class","Bangladesh","Graduate","Confident","Smart-casual","22-26","Friendly and approachable young woman seeking a sincere partner for a meaningful relationship.","Medium"
"female_batch4_348.png","Muslim","Conservative","Traditional","Affluent","Bangladesh or Could be NRB","Graduate or Postgraduate","Confident","Traditional","22-26","Proud of my heritage, values family and tradition, seeking a respectful partner for life","High"
"female_batch4_349.png","Hindu","Conservative","Traditional","Middle class","Bangladesh","Graduate","Confident","Traditional","22-26","Grounded in traditions, enjoys cultural celebrations and meaningful conversations.","Medium"
"female_batch4_350.png","Hindu","Moderate","Traditional","Middle class","Bangladesh","Graduate","Confident","Traditional","22-26","Grounded in traditions, seeking a partner who values family and cultural values.","Medium"
"female_batch4_351.png","Muslim or Hindu","Moderate","Moderate","Upper-middle class","Likely abroad or NRB","Graduate or Postgraduate","Confident","Mixed","22-26","Elegant, educated, and enjoying life's beautiful moments with grace and positivity.","High"
"female_batch4_352.png","Muslim","Conservative","Traditional","Middle class","Bangladesh","Graduate","Modest","Traditional","22-26","Traditional, family-oriented woman who values cultural values and seeks a respectful partner","Medium"
"female_batch4_353.png","Unknown","Moderate","Moderate","Middle class","Bangladesh or Could be NRB","Graduate","Confident","Smart-casual","22-26","Cheerful and genuine person who enjoys spending time in nature and loves casual outings.","Medium"
"female_batch4_354.png","Unknown","Unknown","Moderate","Middle class","Bangladesh or Could be NRB","Graduate or Postgraduate","Modest","Smart-casual","22-26","Simple, genuine person seeking meaningful connections with shared values and mutual respect.","Medium"
"female_batch4_355.png","Muslim","Moderate","Moderate","Middle class","Bangladesh","Graduate","Confident","Mixed","22-26","Seeking a sincere, respectful partner who values family and personal growth.","High"
"female_batch4_356.png","Muslim","Moderate","Moderate","Upper-middle class","Likely abroad or Could be NRB","Graduate or Postgraduate","Confident","Western","22-26","Fun-loving and adventurous spirit who enjoys celebrations and making memorable moments.","Medium"
"female_batch4_357.png","Muslim","Moderate","Moderate","Middle class","Bangladesh","Graduate","Confident","Mixed","22-26","Simple, friendly girl seeking a genuine connection with someone who values family and shared values.","Medium"
"female_batch4_358.png","Hindu","Conservative","Traditional","Middle class","Bangladesh","Graduate","Confident","Traditional","26-30","Traditional values, believes in cultural heritage and family-oriented life","Medium"
"female_batch4_359.png","Hindu","Conservative","Traditional","Middle class","Likely abroad","Graduate","Confident","Traditional","22-26","Proud of my heritage, seeking someone who values tradition and family values.","Medium"
"female_batch4_360.png","Hindu","Moderate","Moderate","Upper-middle class","Bangladesh","Graduate","Confident","Traditional","26-30","Traditional values with modern outlook, enjoys cultural fashion and contemporary settings.","Medium"
"female_batch4_361.png","Unknown","Unknown","Moderate","Middle class","Bangladesh","Graduate","Confident","Mixed","22-26","Nature lover with a thoughtful spirit, seeking genuine connection","Medium"
"female_batch4_362.png","Hindu","Moderate","Traditional","Middle class","Bangladesh","Graduate","Confident","Traditional","22-26","Family-oriented woman seeking a respectful partner for a meaningful relationship.","Medium"
"female_batch4_363.png","Hindu","Conservative","Traditional","Middle class","Bangladesh","School level or Graduate","Modest","Traditional","22-26","Traditional values, family-oriented, looking for a respectful and caring life partner","Medium"
"female_batch4_364.png","Hindu","Conservative","Traditional","Upper-middle class","Bangladesh","Graduate","Confident","Traditional","26-30","Family-oriented woman who values tradition and seeks a compatible life partner.","High"
"female_batch4_365.png","Unknown","Unknown","Moderate","Middle class","Bangladesh","Graduate","Confident","Smart-casual","22-26","Thoughtful and creative individual who enjoys exploring nature and appreciates meaningful conversations.","Medium"
"female_batch4_366.png","Hindu","Conservative","Traditional","Middle class","Bangladesh","Graduate","Modest","Traditional","22-26","Homely and traditional woman seeking a respectful partner who values family values.","Medium"
"female_batch4_367.png","Hindu","Moderate","Moderate","Middle class","Bangladesh","Graduate","Confident","Mixed","22-26","Cheerful and warm-hearted, looking for someone genuine and respectful","Medium"
"female_batch4_368.png","Unknown","Unknown","Moderate","Middle class","Bangladesh","Graduate or Postgraduate","Modest","Traditional","22-26","Simple, genuine person who values family and meaningful connections.","Low"
"female_batch4_369.png","Muslim or Hindu","Moderate","Moderate","Middle class or Upper-middle class","Bangladesh or Likely abroad","Graduate or Postgraduate","Confident","Smart-casual","22-26","Warm-hearted professional who enjoys simple pleasures and values meaningful connections.","Medium"
"female_batch4_370.png","Muslim","Conservative","Traditional","Middle class","Bangladesh","Graduate","Modest","Traditional","22-26","Family-oriented woman seeking a respectful partner for a meaningful relationship","Medium"
"female_batch4_371.png","Muslim","Moderate","Moderate","Middle class","Bangladesh","Graduate","Confident","Mixed","22-26","Warm-hearted and genuine, looking for someone with shared values and mutual respect.","Medium"
"female_batch4_372.png","Hindu","Conservative","Traditional","Middle class","Bangladesh","Graduate","Confident","Traditional","22-26","Traditional values meet modern aspirations - seeking a respectful and caring partner for a meaningful journey.","Medium"
"female_batch4_373.png","Muslim","Moderate","Moderate","Middle class","Bangladesh","Graduate","Confident","Modest","22-26","Compassionate and grounded individual who values family and personal growth","Medium"
"female_batch4_374.png","Muslim","Moderate","Moderate","Middle class","Bangladesh or Could be NRB","Graduate","Modest","Smart-casual","22-26","Simple, genuine person seeking a caring and respectful life partner.","Medium"
"female_batch4_375.png","Unknown","Unknown","Moderate","Middle class","Bangladesh","School level or Graduate","Confident","Smart-casual","18-22","Young professional with a friendly and approachable demeanor, enjoys casual moments and simple pleasures","Low"
"female_batch4_376.png","Hindu","Conservative","Traditional","Middle class","Bangladesh","Graduate","Confident","Traditional","22-26","Family-oriented woman seeking a respectful partner who values tradition and culture","Medium"
"female_batch4_377.png","Muslim","Moderate","Moderate","Middle class","Bangladesh or Likely abroad","Graduate","Confident","Smart-casual","22-26","Thoughtful and modern professional seeking a like-minded partner who values both tradition and progress.","Medium"
"female_batch4_378.png","Muslim","Moderate","Traditional","Middle class","Bangladesh","School level or Graduate","Modest","Traditional","18-22","Simple, traditional girl seeking a respectful life partner who values family and tradition","Medium"
"female_batch4_379.png","Muslim or Hindu","Conservative","Traditional","Middle class or Upper-middle class","Bangladesh","Graduate or Postgraduate","Modest","Traditional","22-26","Family-oriented woman who values cultural traditions and seeks a respectful, committed relationship.","Medium"
"female_batch4_380.png","Muslim or Hindu","Conservative","Traditional","Middle class or Upper-middle class","Bangladesh or NRB","Graduate or Postgraduate","Modest or Confident","Traditional","22-26","Cultured and traditional woman who values family values and looks for a respectful partner.","Medium"
"female_batch4_381.png","Muslim","Moderate","Traditional","Middle class","Bangladesh","Graduate","Modest","Traditional","22-26","Simple and gentle soul seeking a sincere life partner for a meaningful relationship.","Medium"
"female_batch4_382.png","Unknown","Moderate","Moderate","Middle class","Could be NRB","Graduate","Confident","Smart-casual","22-26","Educated, independent woman who enjoys urban lifestyle and values meaningful conversations.","Medium"
"female_batch4_383.png","Unknown","Unknown","Moderate","Middle class","Bangladesh","Graduate","Modest","Modest","22-26","Simple and genuine person looking for someone respectful and family-oriented","Medium"
"female_batch4_384.png","Muslim","Moderate","Moderate","Middle class","Bangladesh or Likely abroad","Graduate","Confident","Smart-casual","22-26","Warm-hearted and cheerful person who enjoys meaningful conversations and outdoor activities.","Medium"
"female_batch4_385.png","Muslim","Conservative","Traditional","Upper-middle class","Bangladesh","Graduate","Confident","Traditional","22-26","Proud of my heritage, seeking a partner who values traditional values and family","High"
"female_batch4_386.png","Muslim","Conservative","Traditional","Middle class","Bangladesh","Graduate","Modest","Traditional","22-26","Family-oriented woman seeking a caring, respectful partner for a meaningful relationship.","Medium"
"female_batch4_387.png","Muslim","Conservative","Traditional","Upper-middle class","Likely abroad","Graduate or Postgraduate","Confident","Traditional","26-30","Cultured and elegant woman who values tradition and family, seeking a respectful partner for a meaningful relationship.","High"
"female_batch4_388.png","Hindu","Conservative","Traditional","Middle class","Bangladesh","Graduate","Modest","Traditional","22-26","Traditional values, culturally rooted, seeking a respectful and honest partner","Medium"
"female_batch4_389.png","Hindu","Conservative","Traditional","Middle class","Bangladesh","Graduate","Confident","Traditional","22-26","Cultured and traditional woman who values family and cultural heritage.","Medium"
"female_batch4_390.png","Hindu","Conservative","Traditional","Middle class","Bangladesh","Graduate","Modest","Traditional","22-26","Simple, family-oriented woman seeking a caring partner for a meaningful relationship.","Medium"
"female_batch4_391.png","Unknown","Unknown","Moderate","Middle class or Upper-middle class","Could be NRB or Likely abroad","Graduate or Professional","Confident","Western","26-30","Confident professional who enjoys modern lifestyle and social settings","Medium"
"female_batch4_392.png","Unknown","Unknown","Moderate","Middle class","Could be NRB","Graduate","Confident","Western","22-26","Independent and modern-minded professional with a casual approach to life","Medium"
"female_batch4_393.png","Muslim","Moderate","Traditional","Middle class","Bangladesh","Graduate","Confident","Traditional","26-30","Family-oriented woman seeking a respectful partner who values tradition and shared values.","Medium"
"female_batch4_394.png","Hindu","Conservative","Traditional","Middle class","Bangladesh","Graduate","Modest","Traditional","22-26","Simple, homely girl with traditional values seeking a respectful life partner","Medium"
"female_batch4_395.png","Hindu","Moderate","Traditional","Middle class","Bangladesh","Graduate","Confident","Traditional","22-26","Tradition-loving woman who enjoys nature and values family values","Medium"
"female_batch4_396.png","Muslim","Moderate","Moderate","Middle class","Bangladesh or Likely abroad","Graduate","Confident","Smart-casual","22-26","Warm-hearted and thoughtful, seeking genuine connection with someone who values family and personal growth.","Medium"
"female_batch4_397.png","Hindu","Conservative","Traditional","Affluent","Likely abroad or NRB","Graduate or Postgraduate","Confident","Traditional","22-26","Culturally rooted, educated professional who values tradition and family values.","Medium"
"female_batch4_398.png","Unknown","Unknown","Moderate","Middle class","Bangladesh","Graduate","Confident","Smart-casual","22-26","Simple, genuine, and looking for someone respectful and understanding.","Medium"
"female_batch4_399.png","Muslim","Moderate","Traditional","Middle class","Bangladesh","Graduate","Modest","Traditional","22-26","Simple, warm-hearted woman seeking a respectful partner for a meaningful relationship","Medium"
"female_batch4_40.jpg","Muslim","Moderate","Moderate","Middle class","Likely abroad","Graduate","Confident","Mixed","22-26","Nature lover who enjoys outdoor adventures and cultural exploration","Medium"
"female_batch4_400.png","Muslim","Conservative","Traditional","Affluent","Likely abroad or NRB","Graduate or Postgraduate","Confident","Traditional","22-26","Family-oriented woman seeking a respectful partner who values tradition and cultural values.","High"
"female_batch4_401.png","Hindu","Conservative","Traditional","Middle class","Bangladesh","Graduate","Modest","Traditional","22-26","Traditional values, enjoys cultural celebrations, seeking a respectful partner for life","Medium"
"female_batch4_402.png","Muslim","Moderate","Traditional","Middle class","Bangladesh","Graduate","Modest","Traditional","22-26","Simple, traditional girl seeking a respectful and caring life partner.","Medium"
"female_batch4_403.png","Hindu","Conservative","Traditional","Middle class","Bangladesh","Graduate","Confident","Traditional","26-30","Traditional values, family-oriented professional seeking a respectful partner for a meaningful relationship.","High"
"female_batch4_404.png","Muslim","Moderate","Moderate","Upper-middle class","Likely abroad or Could be NRB","Graduate or Postgraduate","Confident","Mixed","22-26","Elegant, cultured woman who values both tradition and modernity, seeking a meaningful connection with shared values.","Medium"
"female_batch4_405.png","Hindu","Conservative","Traditional","Middle class","Bangladesh","Graduate","Modest","Traditional","22-26","Traditional values, enjoys cultural celebrations and family time","Medium"
"female_batch4_406.png","Muslim","Conservative","Traditional","Middle class","Bangladesh","Graduate","Confident","Traditional","26-30","Family-oriented woman seeking a respectful partner for a meaningful relationship","Medium"
"female_batch4_407.png","Unknown","Unknown","Moderate","Middle class","Bangladesh","Graduate","Confident","Mixed","22-26","Independent woman who enjoys modern fashion with cultural appreciation.","Medium"
"female_batch4_408.png","Hindu","Conservative","Traditional","Middle class","Bangladesh","Graduate","Confident","Traditional","26-30","Traditional values, family-oriented woman seeking a respectful life partner.","Medium"
"female_batch4_409.png","Muslim","Moderate","Moderate","Middle class","Bangladesh or Likely abroad","Graduate","Modest","Smart-casual","22-26","Grounded and approachable, looking for someone with values and understanding.","Medium"
"female_batch4_41.jpg","Muslim","Moderate","Moderate","Middle class","Bangladesh or NRB","Graduate","Confident","Smart-casual","22-26","Modern-minded, confident professional looking for a compatible partner with mutual respect","Medium"
"female_batch4_410.png","Hindu","Conservative","Traditional","Middle class","Bangladesh","Graduate","Modest","Traditional","22-26","Traditional values, family-oriented, looking for a respectful and caring partner.","Medium"
"female_batch4_411.png","Muslim","Moderate","Moderate","Upper-middle class","Likely abroad","Graduate","Confident","Mixed","22-26","Urban professional with a blend of traditional values and modern sensibilities, seeking someone who appreciates both.","High"
"female_batch4_412.png","Unknown","Unknown","Moderate","Middle class","Bangladesh","School level or Graduate","Modest","Smart-casual","18-22","Friendly and approachable person who enjoys simple moments and appreciates genuine connections","Medium"
"female_batch4_413.png","Hindu","Conservative","Traditional","Middle class","Bangladesh","Graduate or Postgraduate","Confident","Traditional","22-26","Traditional values with grace and elegance, seeking a respectful partner for a meaningful relationship","High"
"female_batch4_414.png","Muslim","Conservative","Traditional","Middle class","Bangladesh","School level or Graduate","Modest","Traditional","18-22","Simple, family-oriented individual seeking a respectful partner who values traditional values and cultural heritage.","Medium"
"female_batch4_415.png","Muslim","Moderate","Traditional","Middle class","Bangladesh","Graduate","Confident","Traditional","22-26","Culturally rooted, values family and tradition, seeking a respectful and understanding life partner","High"
"female_batch4_42.jpg","Hindu","Moderate","Traditional","Middle class","Bangladesh","Graduate","Modest","Traditional","22-26","Nature lover who enjoys exploring scenic destinations and spending time outdoors","Medium"
"female_batch4_43.jpg","Unknown","Moderate","Moderate","Middle class","Bangladesh","Graduate","Confident","Mixed","22-26","Friendly and approachable with a blend of traditional values and modern outlook","Medium"
"female_batch4_44.jpg","Unknown","Unknown","Traditional","Middle class","Bangladesh","School level","Outgoing","Traditional","18-22","Cheerful and friendly person who enjoys simple moments and authentic connections","Medium"
"female_batch4_45.jpg","Unknown","Moderate","Moderate","Middle class","Bangladesh","Graduate","Confident","Mixed","22-26","Friendly and approachable person who values both tradition and modernity in life.","Medium"
"female_batch4_46.jpg","Muslim","Moderate","Traditional","Middle class","Bangladesh","Graduate","Modest","Traditional","22-26","Simple-hearted girl seeking a sincere, family-oriented partner for a meaningful relationship","Medium"
"female_batch4_47.jpg","Unknown","Unknown","Moderate","Middle class","Bangladesh","School level or Graduate","Confident","Mixed","22-26","Friendly and approachable with a casual, modern outlook on life","Medium"
"female_batch4_48.jpg","Muslim","Conservative","Traditional","Middle class","Bangladesh","School level or Graduate","Confident","Traditional","22-26","Family-oriented individual who values tradition and cultural values.","Medium"
"female_batch4_49.jpg","Muslim or Hindu","Moderate","Moderate","Middle class","Bangladesh or Likely abroad","Graduate","Confident","Mixed","22-26","Fun-loving and cheerful person who enjoys outdoor activities and casual moments with loved ones.","Medium"
"female_batch4_50.jpg","Hindu","Moderate","Moderate","Middle class","Bangladesh","Graduate","Confident","Mixed","22-26","Friendly and approachable, looking for someone genuine and respectful.","Medium"
"female_batch4_51.jpg","Unknown","Unknown","Moderate","Middle class","Bangladesh","Graduate","Confident","Mixed","22-26","Friendly and approachable, looking for someone genuine and caring.","Medium"
"female_batch4_52.jpg","Muslim","Moderate","Moderate","Middle class","Bangladesh","Graduate","Confident","Mixed","22-26","Compassionate soul with a blend of traditional values and modern outlook, seeking a genuine connection.","Medium"
"female_batch4_53.jpeg","Unknown","Moderate or Unknown","Moderate to Liberal","Middle class to Upper-middle class","Bangladesh or Could be NRB","Graduate or Postgraduate","Confident","Smart-casual to Western","22-26","Independent and stylish, seeking meaningful connections with someone who appreciates both tradition and modern values.","Medium"
"female_batch4_54.jpg","Unknown","Unknown","Western-influenced","Upper-middle class","Likely abroad","Graduate or Postgraduate","Confident","Western","22-26","Fashionable and cultured individual with interest in art and contemporary lifestyle","Low"
"female_batch4_55.jpg","Unknown","Unknown","Liberal or Western-influenced","Middle class or Upper-middle class","Could be NRB or Likely abroad","Graduate or Professional","Confident or Outgoing","Western or Mixed","22-26","Fashion-forward professional with a bold sense of style, enjoys expressing creativity and confidence.","Medium"
"female_batch4_56.jpg","Muslim","Conservative","Traditional","Upper-middle class","Bangladesh","Graduate","Modest","Traditional","22-26","Cultured and traditional woman seeking a respectful partner who values family and heritage","High"
"female_batch4_57.jpg","Unknown","Unknown","Moderate","Middle class","Bangladesh","School level or Graduate","Modest","Smart-casual","18-22","Young, approachable woman seeking genuine connection with someone who values simplicity and authenticity","Medium"
"female_batch4_58.jpg","Muslim","Moderate","Moderate","Middle class","Bangladesh","Graduate","Confident","Mixed","22-26","Friendly and approachable person seeking meaningful connections with shared values","Medium"
"female_batch4_59.jpg","Muslim or Hindu","Moderate","Moderate","Middle class","Bangladesh or Likely abroad","Graduate or Professional","Confident","Mixed","22-26","Friendly and cheerful person who enjoys celebrations and social gatherings, looking for someone with good values.","Medium"
"female_batch4_67.jpg","Unknown","Unknown","Moderate","Middle class","Bangladesh or Likely abroad","Graduate","Modest","Mixed","22-26","Bookish soul who enjoys quiet moments and meaningful conversations","Low"
"female_batch4_68.jpg","Muslim","Moderate","Traditional","Middle class","Bangladesh","Graduate","Confident","Traditional","22-26","Family-oriented woman seeking a respectful partner for a meaningful relationship.","Medium"
"female_batch4_69.jpg","Unknown","Unknown","Moderate","Middle class or Upper-middle class","Bangladesh or Could be NRB","Graduate","Modest or Introverted","Traditional","22-26","Thoughtful and serene individual who values simple elegance and meaningful connections.","Medium"
"female_batch4_70.jpg","Unknown","Unknown","Moderate","Middle class","Bangladesh or Likely abroad","School level or Graduate","Outgoing","Western","18-22","Fun-loving and casual, enjoys good times with friends and family","Low"
"female_batch4_71.jpg","Hindu","Moderate","Moderate","Middle class","Bangladesh","Graduate","Confident","Mixed","22-26","Bengali woman with traditional values, seeking a genuine connection with someone who appreciates culture and family.","Medium"
"female_batch4_72.jpg","Unknown","Moderate","Moderate","Middle class","Could be NRB","Graduate","Confident","Smart-casual","22-26","Cheerful and approachable, enjoys indoor spaces and casual styling","Medium"
"female_batch4_73.jpg","Unknown","Unknown","Moderate","Middle class","Could be NRB","Graduate","Confident","Smart-casual","22-26","Friendly and approachable person who enjoys good company and meaningful conversations.","Medium"
"female_batch4_74.jpg","Muslim","Moderate","Traditional","Middle class","Bangladesh","Graduate","Modest","Modest","22-26","Simple, family-oriented woman seeking a respectful and caring life partner.","Medium"
"female_batch4_75.jpg","Unknown","Moderate","Moderate","Middle class","Bangladesh or Could be NRB","Graduate or Professional","Confident","Mixed","22-26","Warm and approachable person who values both tradition and modernity in life.","Medium"
"female_batch4_76.jpg","Unknown","Unknown","Moderate","Middle class or Upper-middle class","Likely abroad","Graduate or Postgraduate","Confident and Outgoing","Traditional","22-26","Adventure lover who enjoys travel and exploring new places with a warm smile.","Medium"
"female_batch4_77.jpg","Unknown","Unknown","Liberal or Western-influenced","Middle class or Upper-middle class","Could be NRB or Likely abroad","Graduate or Postgraduate","Confident or Outgoing","Western or Mixed","22-26","Independent spirit with a passion for modern living and new experiences.","Low"
"female_batch4_78.png","Muslim","Moderate","Traditional","Upper-middle class","Bangladesh or Likely abroad","Graduate or Postgraduate","Confident","Traditional","22-26","Cultured and graceful, embracing traditional values with modern sensibilities.","High"
"female_batch4_79.png","Muslim","Moderate","Moderate","Middle class","Bangladesh","Graduate","Confident","Mixed","22-26","Simple, genuine, looking for someone who values both tradition and modern values","Medium"
"female_batch4_80.png","Muslim","Moderate","Moderate","Middle class","Bangladesh or Likely abroad","Graduate","Confident","Smart-casual","22-26","Thoughtful and poised individual seeking genuine connection with shared values and mutual respect","Medium"
"female_batch4_81.png","Muslim","Moderate","Moderate","Middle class","Bangladesh or Could be NRB","Graduate","Confident","Mixed","22-26","Thoughtful and modern, seeking someone who values both tradition and growth.","Medium"
"female_batch4_82.png","Muslim","Moderate","Moderate","Middle class","Bangladesh or Could be NRB","Graduate","Confident","Mixed","22-26","Friendly and warm-hearted person who values both traditional values and modern outlook","Medium"
"female_batch4_83.png","Muslim","Conservative","Traditional","Middle class","Bangladesh","School level or Graduate","Modest","Traditional","22-26","Simple, modest woman seeking a respectful partner who values family and tradition.","Medium"
"female_batch4_84.png","Muslim","Moderate","Moderate","Middle class","Bangladesh or Likely abroad","Graduate","Confident","Smart-casual","22-26","Confident and approachable woman seeking a genuine connection with shared values","Medium"
"female_batch4_85.png","Muslim","Conservative","Traditional","Middle class","Bangladesh","Graduate","Modest","Traditional","22-26","Family-oriented girl looking for a respectful and caring life partner","Medium"
"female_batch4_86.png","Muslim","Conservative","Traditional","Middle class","Bangladesh","Graduate","Modest","Traditional","22-26","Family-oriented woman seeking a respectful life partner who values tradition and commitment.","Medium"
"female_batch4_87.png","Muslim","Moderate","Mixed","Middle class","Likely abroad","Graduate or Professional","Confident","Mixed","22-26","Confident and modern woman who values both cultural roots and contemporary lifestyle","Medium"
"female_batch4_88.png","Unknown","Unknown","Moderate","Middle class","Could be NRB","Graduate","Confident","Mixed","22-26","Thoughtful and stylish, enjoy cultural fusion and intellectual conversations","Medium"
"female_batch4_89.png","Muslim","Moderate","Traditional","Middle class","Bangladesh","Graduate","Modest","Mixed","22-26","Humble and family-oriented girl seeking a respectful life partner with shared values","Medium"
"female_batch4_90.png","Muslim or Hindu","Moderate","Moderate","Upper-middle class","Likely abroad or Could be NRB","Graduate or Postgraduate","Confident","Smart-casual","22-26","Ambitious professional who enjoys modern lifestyle with cultural values intact","High"
"female_batch4_91.png","Hindu","Conservative","Traditional","Affluent","Bangladesh or Could be NRB","Graduate or Postgraduate","Confident","Traditional","26-30","Family-oriented woman who values tradition and cultural heritage, seeking a respectful partner for a meaningful relationship.","High"
"female_batch4_92.png","Muslim","Conservative","Traditional","Upper-middle class","Likely abroad","Graduate or Professional","Confident","Modest","22-26","Practicing Muslim woman who values tradition and family, enjoys travel and elegant dining experiences","Medium"
"female_batch4_93.png","Muslim","Conservative","Traditional","Middle class","Bangladesh","Graduate","Modest","Mixed","22-26","Respectful and grounded, seeking a genuine connection with shared values","Medium"
"female_batch4_94.png","Hindu","Conservative","Traditional","Middle class","Bangladesh","School level or Graduate","Modest","Traditional","18-22","Traditional values, homebody who enjoys cultural celebrations and family time","Medium"
"female_batch4_95.png","Muslim","Moderate","Traditional","Middle class","Bangladesh","Graduate","Modest","Traditional","22-26","Seeking a kind-hearted, family-oriented partner who values tradition and mutual respect.","Medium"
"female_batch4_96.png","Muslim","Moderate","Moderate","Middle class","Likely abroad","Graduate","Confident","Smart-casual","22-26","Adventurous spirit who loves beach getaways and exploring new places with a smile","Medium"
"female_batch4_97.png","Muslim","Moderate","Moderate","Middle class","Bangladesh or Could be NRB","Graduate or Professional","Confident","Mixed","22-26","Professional woman seeking a respectful and caring partner for a meaningful relationship.","Medium"
"female_batch4_98.png","Muslim","Conservative","Traditional","Middle class","Bangladesh","School level or Graduate","Confident","Modest","18-22","Modest, family-oriented girl seeking a respectful partner for marriage","High"
"female_batch4_99.png","Unknown","Unknown","Liberal or Western-influenced","Upper-middle class or Affluent","Likely abroad or Could be NRB","Graduate or Postgraduate","Confident or Outgoing","Western or Smart-casual","26-30","Professional woman who enjoys entertainment and modern lifestyle, seeking someone with shared contemporary values.","Medium"